Continuum,Query,Google Title,WikiHow Real Title,URL
domestic,home gardening tasks tips,How to Take Care of Plants: Easy Tips & Mistakes to Avoid,How to Care for Houseplants & Outdoor Plants,https://www.wikihow.com/Take-Care-of-Plants
domestic,home gardening tasks tips,3 Simple Ways to Maintain a Garden,How to Maintain a Garden,https://www.wikihow.com/Maintain-a-Garden
domestic,home gardening tasks tips,5 Ways to Design a Garden,How to Design a Garden,https://www.wikihow.com/Design-a-Garden
domestic,home gardening tasks tips,How to Repot a Plant,How to Repot a Plant,https://www.wikihow.com/Repot-a-Plant
domestic,home gardening tasks tips,How to Teach Kids to Garden,How to Teach Kids to Garden,https://www.wikihow.com/Teach-Kids-to-Garden
domestic,home gardening tasks tips,3 Ways to Make a Herbarium,How to Make a Herbarium,https://www.wikihow.com/Make-a-Herbarium
domestic,home gardening tasks tips,How to Construct a Raised Planting Bed,How to Construct a Raised Planting Bed,https://www.wikihow.com/Construct-a-Raised-Planting-Bed
domestic,home gardening tasks tips,How to Pull Weeds,How to Pull Weeds,https://www.wikihow.com/Pull-Weeds
domestic,home gardening tasks tips,How to Fertilize Soil With Eggshells,How to Fertilize Soil With Eggshells,https://www.wikihow.com/Fertilize-Soil-With-Eggshells
domestic,home gardening tasks tips,How to Build a Japanese Garden,How to Build a Japanese Garden,https://www.wikihow.com/Build-a-Japanese-Garden
domestic,home gardening tasks tips,4 Ways to Pebble a Garden,How to Pebble a Garden,https://www.wikihow.com/Pebble-a-Garden
domestic,home gardening tasks tips,How to Plant Pine Trees,How to Plant Pine Trees,https://www.wikihow.com/Plant-Pine-Trees
domestic,home gardening tasks tips,How to Grow Dahlias in Pots,How to Grow Dahlias in Pots,https://www.wikihow.com/Grow-Dahlias-in-Pots
domestic,home gardening tasks tips,How to Make Concrete Flower Pots,How to Make Concrete Flower Pots,https://www.wikihow.com/Make-Concrete-Flower-Pots
domestic,home gardening tasks tips,How to Level Dirt,How to Level Dirt,https://www.wikihow.com/Level-Dirt
domestic,home gardening tasks tips,3 Ways to Grow a Lawn Easily,How to Grow a Lawn Easily,https://www.wikihow.com/Grow-a-Lawn-Easily
domestic,home gardening tasks tips,10 Simple Ways to Get Hydrangeas to Bloom,How to Get Hydrangeas to Bloom,https://www.wikihow.com/Get-Hydrangeas-to-Bloom
domestic,home gardening tasks tips,How to Use Coffee Grounds in Your Garden,How to Use Coffee Grounds in Your Garden,https://www.wikihow.com/Use-Coffee-Grounds-in-Your-Garden
domestic,home gardening tasks tips,How to Care for a Lemon Tree,How to Care for a Lemon Tree,https://www.wikihow.com/Care-for-a-Lemon-Tree
