Continuum,Query,Google Title,Real WikiHow Title,URL
domestic,site:wikihow.com Category:Home-and-Garden,Home and Garden - how to articles from wikiHow,Home and Garden,https://www.wikihow.com/Category:Home-and-Garden
domestic,site:wikihow.com Category:Home-and-Garden,Quick Home and Garden How-to Videos,Quick How-To Videos,https://www.wikihow.com/Video/Category:Home-and-Garden
domestic,site:wikihow.com Category:Home-and-Garden,Home and Garden News - how to articles from wikiHow,Home and Garden News,https://www.wikihow.com/Category:Home-and-Garden-News
domestic,site:wikihow.com Category:Home-and-Garden,Gardening - how to articles from wikiHow,Gardening,https://www.wikihow.com/Category:Gardening
domestic,site:wikihow.com Category:Home-and-Garden,Articles about Home and Garden Care Businesses,Home and Garden Care Businesses,https://www.wikihow.com/Category:Home-and-Garden-Care-Businesses
domestic,site:wikihow.com Category:Home-and-Garden,Garden Projects - how to articles from wikiHow,Garden Projects,https://www.wikihow.com/Category:Garden-Projects
domestic,site:wikihow.com Category:Home-and-Garden,Theme and Feature Gardens - how to articles from wikiHow,Theme and Feature Gardens,https://www.wikihow.com/Category:Theme-and-Feature-Gardens
domestic,site:wikihow.com Category:Home-and-Garden,How to Prepare and Plant a Garden,How to Prepare and Plant a Garden,https://www.wikihow.com/Garden
domestic,site:wikihow.com Category:Home-and-Garden,Home Decor - how to articles from wikiHow,Home Decor,https://www.wikihow.com/Category:Home-Decor
domestic,site:wikihow.com Category:Home-and-Garden,How to Take Care of Plants: Easy Tips & Mistakes to Avoid,How to Care for Houseplants & Outdoor Plants,https://www.wikihow.com/Take-Care-of-Plants
domestic,site:wikihow.com Category:Home-and-Garden,How to Develop a Kitchen Garden: 7 Steps (with Pictures),How to Develop a Kitchen Garden,https://www.wikihow.com/Develop-a-Kitchen-Garden
domestic,site:wikihow.com Category:Home-and-Garden,Garden Pests and Weeds - how to articles from wikiHow,Garden Pests and Weeds,https://www.wikihow.com/Category:Garden-Pests-and-Weeds
domestic,site:wikihow.com Category:Home-and-Garden,Home Decorating - how to articles from ...,Home Decorating,https://www.wikihow.com/Category:Home-Decorating
domestic,site:wikihow.com Category:Home-and-Garden,Yard and Outdoors - how to articles from wikiHow,Yard and Outdoors,https://www.wikihow.com/Category:Yard-and-Outdoors
domestic,site:wikihow.com Category:Home-and-Garden,How to Design a Small Garden (with Pictures),How to Design a Small Garden,https://www.wikihow.com/Design-a-Small-Garden
domestic,site:wikihow.com Category:Home-and-Garden,Community Gardening and Urban Agriculture,Community Gardening and Urban Agriculture,https://www.wikihow.com/Category:Community-Gardening-and-Urban-Agriculture
domestic,site:wikihow.com Category:Home-and-Garden,3 Ways to Decorate Your Home,How to Decorate Your Home,https://www.wikihow.com/Decorate-Your-Home
domestic,site:wikihow.com Category:Home-and-Garden,Growing Vegetables - how to articles from wikiHow,Growing Vegetables,https://www.wikihow.com/Category:Growing-Vegetables
domestic,site:wikihow.com Category:Home-and-Garden,Small Garden Ideas - how to articles from wikiHow,Small Garden Ideas,https://www.wikihow.com/Category:Small-Garden-Ideas
domestic,site:wikihow.com Category:Home-and-Garden,Home Organization - how to articles from wikiHow,Home Organization,https://www.wikihow.com/Category:Home-Organization
domestic,site:wikihow.com Category:Home-and-Garden,Home Improvements - how to articles from wikiHow,Home Improvements,https://www.wikihow.com/Category:Home-Improvements
domestic,site:wikihow.com Category:Home-and-Garden,19 Helpful Tips to Keep a Home Clean and Tidy,19 Helpful Tips to Keep a Home Clean and Tidy,https://www.wikihow.com/Maintain-a-Clean-Home
domestic,site:wikihow.com Category:Home-and-Garden,5 Ways to Design a Garden,How to Design a Garden,https://www.wikihow.com/Design-a-Garden
domestic,site:wikihow.com Category:Home-and-Garden,House Building - how to articles from wikiHow,House Building,https://www.wikihow.com/Category:House-Building
domestic,site:wikihow.com Category:Home-and-Garden,Categories,Top Categories,https://www.wikihow.com/Special:CategoryListing?no_redirect=true
domestic,site:wikihow.com Category:Home-and-Garden,House Designs and Plans - how to articles from wikiHow,House Designs and Plans,https://www.wikihow.com/Category:House-Designs-and-Plans
domestic,site:wikihow.com Category:Home-and-Garden,Home Maintenance - how to articles from wikiHow,Home Maintenance,https://www.wikihow.com/Category:Home-Maintenance
domestic,site:wikihow.com Category:Home-and-Garden,Hydroponics - how to articles from wikiHow,Hydroponics,https://www.wikihow.com/Category:Hydroponics
domestic,site:wikihow.com Category:Home-and-Garden,Buying Furniture - how to articles from wikiHow,Buying Furniture,https://www.wikihow.com/Category:Buying-Furniture
domestic,site:wikihow.com Category:Home-and-Garden,How to Protect Your Home and Garden from Elephants,How to Protect Your Home and Garden from Elephants,https://www.wikihow.com/Protect-Your-Home-and-Garden-from-Elephants
domestic,site:wikihow.com Category:Home-and-Garden,Home Repairs - how to articles from wikiHow,Home Repairs,https://www.wikihow.com/Category:Home-Repairs
domestic,site:wikihow.com Category:Home-and-Garden,How to Prevent Soil Erosion: 15 Steps (with Pictures),How to Prevent Soil Erosion,https://www.wikihow.com/Prevent-Soil-Erosion
domestic,site:wikihow.com Category:Home-and-Garden,Furniture - how to articles from wikiHow,Furniture,https://www.wikihow.com/Category:Furniture
domestic,site:wikihow.com Category:Home-and-Garden,Creating Habitats for Wildlife - how to articles from wikiHow,Creating Habitats for Wildlife,https://www.wikihow.com/Category:Creating-Habitats-for-Wildlife
domestic,site:wikihow.com Category:Home-and-Garden,Garden Sprays - how to articles from wikiHow,Garden Sprays,https://www.wikihow.com/Category:Garden-Sprays
domestic,site:wikihow.com Category:Home-and-Garden,Home Appliances - how to articles from wikiHow,Home Appliances,https://www.wikihow.com/Category:Home-Appliances
domestic,site:wikihow.com Category:Home-and-Garden,Interior Design for Rooms - how to articles from wikiHow,Interior Design for Rooms,https://www.wikihow.com/Category:Interior-Design-for-Rooms
domestic,site:wikihow.com Category:Home-and-Garden,Buying a House - how to articles from wikiHow,Buying a House,https://www.wikihow.com/Category:Buying-a-House
domestic,site:wikihow.com Category:Home-and-Garden,House Cleaning - how to articles from wikiHow,House Cleaning,https://www.wikihow.com/Category:House-Cleaning
domestic,site:wikihow.com Category:Home-and-Garden,30+ Entertaining & Refreshing Things to Do on a Sunday,30+ Entertaining & Refreshing Things to Do on a Sunday,https://www.wikihow.com/What-to-Do-on-a-Sunday
domestic,site:wikihow.com Category:Home-and-Garden,Moving House - how to articles from wikiHow,Moving House,https://www.wikihow.com/Category:Moving-House
domestic,site:wikihow.com Category:Home-and-Garden,wikiHow: How-to instructions you can trust.,"Welcome to wikiHow, the most trusted how-to site on the internet.",https://www.wikihow.com/Main-Page
domestic,site:wikihow.com Category:Home-and-Garden,Creepy Numbers to Call: 10+ Scary & Haunted Phone #s,10+ Scary Phone Numbers to Call,https://www.wikihow.com/Creepy-Numbers-to-Call
domestic,site:wikihow.com Category:Home-and-Garden,New Pages,New Pages,https://www.wikihow.com/Special:NewPages
domestic,site:wikihow.com Category:Home-and-Garden,What Emojis Mean Sex? A Thorough Guide to Dirty Emojis,What Emojis Mean Sex?,https://www.wikihow.com/What-Emojis-Mean-Sex
domestic,site:wikihow.com Category:Home-and-Garden,Bedroom Style - how to articles from wikiHow,Bedroom Style,https://www.wikihow.com/Category:Bedroom-Style
domestic,site:wikihow.com Category:Home-and-Garden,200 Fun Truth or Dare Questions To Send Over Text,Virtual Truth or Dare Questions to Keep Things Interesting,https://www.wikihow.com/Truth-or-Dare-Questions-over-Text
domestic,site:wikihow.com Category:Home-and-Garden,Building Bedroom Furniture - how to articles from wikiHow,Building Bedroom Furniture,https://www.wikihow.com/Category:Building-Bedroom-Furniture
domestic,site:wikihow.com Category:Home-and-Garden,Percy Jackson Cabin Quiz,Which Camp Half-Blood Cabin Am I In?,https://www.wikihow.com/Percy-Jackson-Cabin-Quiz
domestic,site:wikihow.com Category:Home-and-Garden,Family Life - how to articles from wikiHow,Family Life,https://www.wikihow.com/Category:Family-Life
domestic,site:wikihow.com Category:Home-and-Garden,Home Security - how to articles from wikiHow,Home Security,https://www.wikihow.com/Category:Home-Security
domestic,site:wikihow.com Category:Home-and-Garden,What Is My Color Aura Quiz,What Is My Color Aura?,https://www.wikihow.com/What-Is-My-Color-Aura-Quiz
domestic,site:wikihow.com Category:Home-and-Garden,17 Ways to Reduce Paper Waste,How to Reduce Paper Waste,https://www.wikihow.com/Reduce-Paper-Waste
domestic,site:wikihow.com Category:Home-and-Garden,House Training Cats - how to articles from wikiHow,House Training Cats,https://www.wikihow.com/Category:House-Training-Cats
domestic,site:wikihow.com Category:Home-and-Garden,How to Keep Your School Clean: Best Tips & Tricks,Best Ways to Keep Your School Clean (with Expert Advice),https://www.wikihow.com/Keep-Your-School-Clean
domestic,site:wikihow.com Category:Home-and-Garden,"100+ ""Have a Blessed Week"" Messages: Prayers, Quotes ...","100+ Quotes, Wishes & Messages to Wish Someone a Blessed Week",https://www.wikihow.com/Have-a-Blessed-Week
domestic,site:wikihow.com Category:Home-and-Garden,Candlestick Pattern Cheat Sheet: 37 Key Signals to Learn,A Beginner’s Guide to Candlestick Patterns,https://www.wikihow.com/Candlestick-Patterns-Cheat-Sheet
domestic,site:wikihow.com Category:Home-and-Garden,Home Businesses - how to articles from wikiHow,Home Businesses,https://www.wikihow.com/Category:Home-Businesses
domestic,site:wikihow.com Category:Home-and-Garden,How to Play M.A.S.H in 6 Easy Steps,M.A.S.H: A Silly Prediction Game for All Ages,https://www.wikihow.com/Play-M.A.S.H
domestic,site:wikihow.com Category:Home-and-Garden,TV Fandom - how to articles from wikiHow,TV Fandom,https://www.wikihow.com/Category:TV-Fandom
domestic,site:wikihow.com Category:Home-and-Garden,"200+ Facebook Bio Ideas: Short, Funny, Creative & More",How to Make a Facebook Bio: 200+ Engaging Examples (+ Writing Tips),https://www.wikihow.com/Facebook-Bio
domestic,site:wikihow.com Category:Home-and-Garden,What Do the Jujutsu Kaisen Domain Expansion Hand ...,What Every Domain Expansion Hand Sign Means In Jujutsu Kaisen,https://www.wikihow.com/Domain-Expansion-Hand-Sign
domestic,site:wikihow.com Category:Home-and-Garden,100+ Flirty Compliments for a Girl (Without Sounding Creepy),100+ Flirty Things to Say to a Girl & Boost Her Self-Esteem,https://www.wikihow.com/Flirty-Compliments-for-a-Girl
domestic,site:wikihow.com Category:Home-and-Garden,Home Theater - how to articles from wikiHow,Home Theater,https://www.wikihow.com/Category:Home-Theater
domestic,site:wikihow.com Category:Home-and-Garden,Fun & Spicy Truth or Dare Questions to Ask Your Girlfriend,Fun & Spicy Truth or Dare Questions to Ask Your Girlfriend,https://www.wikihow.com/Truth-or-Dare-Questions-for-Girlfriend
domestic,site:wikihow.com Category:Home-and-Garden,What Animal Am I Quiz,What Animal Am I?,https://www.wikihow.com/What-Animal-Am-I
domestic,site:wikihow.com Category:Home-and-Garden,200+ Heartfelt Good Evening Messages for a Friend,"200+ Good Evening Messages for a Friend: Female, Male & Long-Distance",https://www.wikihow.com/Good-Evening-Message-for-a-Friend
domestic,site:wikihow.com Category:Home-and-Garden,Reading Motivation Strategies - how to articles from wikiHow,Reading Motivation Strategies,https://www.wikihow.com/Category:Reading-Motivation-Strategies
domestic,site:wikihow.com Category:Home-and-Garden,110 Happy Friday Wishes for Everyone in Your Life,110 Happy Friday Wishes for Everyone in Your Life,https://www.wikihow.com/Friday-Greetings
domestic,site:wikihow.com Category:Home-and-Garden,Heat and Cold Injuries - how to articles from wikiHow,Heat and Cold Injuries,https://www.wikihow.com/Category:Heat-and-Cold-Injuries
domestic,site:wikihow.com Category:Home-and-Garden,Journalism - how to articles from wikiHow,Journalism,https://www.wikihow.com/Category:Journalism
domestic,site:wikihow.com Category:Home-and-Garden,How to Take a Screenshot on a Windows PC: 8 Simple Tricks,How to Take a Screenshot on a Windows PC: 8 Simple Tricks,https://www.wikihow.com/Take-a-Screenshot-in-Microsoft-Windows
domestic,site:wikihow.com Category:Home-and-Garden,"110+ ""Jumma Mubarak"" Wishes, Duas, Quotes & Messages",The Best “Jumma Mubarak” Wishes: 110+ Message Ideas,https://www.wikihow.com/Jumma-Mubarak-Wishes
domestic,site:wikihow.com Category:Home-and-Garden,"How to Start a Group Home: Costs, Regulations, and More",How to Start a Group Home,https://www.wikihow.com/Start-a-Group-Home
domestic,site:wikihow.com Category:Home-and-Garden,"""Grow a Garden"" Pets Tier List Creator","""Grow a Garden"" Pets Tier List Creator",https://www.wikihow.com/Grow-a-Garden-Pet-Tier-List
domestic,site:wikihow.com Category:Home-and-Garden,300 Popular & Funny Group Chat Names for 3 People,300 Popular & Funny Group Chat Names for 3 People,https://www.wikihow.com/Group-Chat-Names-for-3
domestic,site:wikihow.com Category:Home-and-Garden,Buying Fashion Accessories - how to articles from wikiHow,Buying Fashion Accessories,https://www.wikihow.com/Category:Buying-Fashion-Accessories
domestic,site:wikihow.com Category:Home-and-Garden,How to Get the Right Stuff for Your New Puppy - Dogs,How to Get the Right Stuff for Your New Puppy,https://wikihow.com/Get-the-Right-Stuff-for-Your-New-Puppy
domestic,site:wikihow.com Category:Home-and-Garden,How to Get Current Location on Google Maps: 9 Steps,How to Get Current Location on Google Maps,https://www.wikihow.com/Get-Current-Location-on-Google-Maps
domestic,site:wikihow.com Category:Home-and-Garden,Mental Age Test,What Is My Mental Age?,https://www.wikihow.com/Mental-Age-Test
domestic,site:wikihow.com Category:Home-and-Garden,Leadership - how to articles from wikiHow,Leadership,https://www.wikihow.com/Category:Leadership
domestic,site:wikihow.com Category:Home-and-Garden,Cinemas - how to articles from wikiHow,Cinemas,https://www.wikihow.com/Category:Cinemas
domestic,site:wikihow.com Category:Home-and-Garden,School Hot Takes: Cast Your Vote Now!,Do You Agree with These School Hot Takes?,https://www.wikihow.com/School-Hot-Takes
domestic,site:wikihow.com Category:Home-and-Garden,Blue Lock Watch Order: All Seasons & Movie,How to Watch Blue Lock in Order: A Complete Guide,https://www.wikihow.com/Blue-Lock-Watch-Order
domestic,site:wikihow.com Category:Home-and-Garden,"40+ Popular Types of Wine: Reds, Whites, & More","40+ Popular Types of Wine: Reds, Whites, & More",https://www.wikihow.com/Wine-Types
domestic,site:wikihow.com Category:Home-and-Garden,How to List an Item in Your Etsy Shop (with Pictures),How to List an Item in Your Etsy Shop,https://www.wikihow.com/List-an-Item-in-Your-Etsy-Shop
domestic,site:wikihow.com Category:Home-and-Garden,Toothpaste Color Codes: The Internet Myth Debunked,Toothpaste Color Codes: The Internet Myth Debunked,https://www.wikihow.com/Toothpaste-Color-Codes
domestic,site:wikihow.com Category:Home-and-Garden,How to Create a Drop Down List in Excel: Quick Guide,How to Create a Drop Down List in Excel: Step-by-Step Tutorial,https://www.wikihow.com/Create-a-Drop-Down-List-in-Excel
domestic,site:wikihow.com Category:Home-and-Garden,The “Harry Potter” Black Family Tree: A Complete Guide,Who’s in the House of Black? Everyone You Need to Know,https://www.wikihow.com/Harry-Potter-Black-Family-Tree
domestic,site:wikihow.com Category:Home-and-Garden,How to Start a Support Group (with Pictures),How to Start a Support Group,https://www.wikihow.com/Start-a-Support-Group
domestic,site:wikihow.com Category:Home-and-Garden,How to Play Mafia: Party Game Rules,A Fun Guide to Playing Mafia With Your Friends,https://www.wikihow.com/Play-Mafia
domestic,site:wikihow.com Category:Home-and-Garden,Japanese Phrases - how to articles from wikiHow,Japanese Phrases,https://www.wikihow.com/Category:Japanese-Phrases
domestic,site:wikihow.com Category:Home-and-Garden,What Are the Big 3 of Anime? New & Old Generations,The Big 3 of Anime: Everything You Need to Know,https://www.wikihow.com/Big-3-Anime
domestic,site:wikihow.com Category:Home-and-Garden,Autobiographies - how to articles from wikiHow,Autobiographies,https://www.wikihow.com/Category:Autobiographies
domestic,site:wikihow.com Category:Home-and-Garden,Mouth Disorders - how to articles from wikiHow,Mouth Disorders,https://www.wikihow.com/Category:Mouth-Disorders
domestic,site:wikihow.com Category:Home-and-Garden,Fencing - how to articles from wikiHow,Fencing,https://www.wikihow.com/Category:Fencing
domestic,site:wikihow.com Category:Home-and-Garden,Video: How to Approach a Girl in a Group at a Bar,How Do You Approach a Girl in a Group? 10 Ways to Up Your Game at the Bar and Get Her to Notice You,https://www.wikihow.com/Video/Approach-a-Girl-in-a-Group-at-a-Bar
domestic,site:wikihow.com Category:Home-and-Garden,Tendonitis - how to articles from wikiHow,Tendonitis,https://www.wikihow.com/Category:Tendonitis
domestic,site:wikihow.com Category:Home-and-Garden,Kidney Health - how to articles from wikiHow,Kidney Health,https://www.wikihow.com/Category:Kidney-Health
domestic,site:wikihow.com Category:Home-and-Garden,Layer Cutting Hair - how to articles from wikiHow,Layer Cutting Hair,https://www.wikihow.com/Category:Layer-Cutting-Hair
domestic,site:wikihow.com Category:Home-and-Garden,Sales Occupations - how to articles from wikiHow,Sales Occupations,https://www.wikihow.com/Category:Sales-Occupations
domestic,site:wikihow.com Category:Home-and-Garden,7 Quick & Simple Ways to Initialize a List (or Array) in Java,7 Quick & Simple Ways to Initialize a List (or Array) in Java,https://www.wikihow.com/Initialize-a-List-in-Java
domestic,site:wikihow.com Category:Home-and-Garden,Lip Makeup - how to articles from wikiHow,Lip Makeup,https://www.wikihow.com/Category:Lip-Makeup
domestic,site:wikihow.com Category:Home-and-Garden,Fire Safety - how to articles from wikiHow,Fire Safety,https://www.wikihow.com/Category:Fire-Safety
domestic,site:wikihow.com Category:Home-and-Garden,April Fool's Day - how to articles from wikiHow,April Fool's Day,https://www.wikihow.com/Category:April-Fool%27s-Day
domestic,site:wikihow.com Category:Home-and-Garden,Feminine Hygiene Products - how to articles from wikiHow,Feminine Hygiene Products,https://www.wikihow.com/Category:Feminine-Hygiene-Products
domestic,site:wikihow.com Category:Home-and-Garden,CDs and DVDs - how to articles from wikiHow,CDs and DVDs,https://www.wikihow.com/Category:CDs-and-DVDs
domestic,site:wikihow.com Category:Home-and-Garden,How to Chew Gum in Class: 12 Steps (with Pictures),How to Chew Gum in Class,https://www.wikihow.com/Chew-Gum-in-Class
domestic,site:wikihow.com Category:Home-and-Garden,Sewing Crafts - how to articles from wikiHow,Sewing Crafts,https://www.wikihow.com/Category:Sewing-Crafts
domestic,site:wikihow.com Category:Home-and-Garden,"Special Grade 1 Sorcerers in Jujutsu Kaisen, Explained",What Is the Special Grade 1 Rank in Jujutsu Kaisen?,https://www.wikihow.com/Special-Grade-1
domestic,site:wikihow.com Category:Home-and-Garden,How to Make a Paper Airplane That Flies Really Far,How to Make a Paper Airplane That Flies Really Far,https://www.wikihow.com/Make-a-Paper-Airplane-That-Flies-Far
domestic,site:wikihow.com Category:Home-and-Garden,Animals and the Law - how to articles from wikiHow,Animals and the Law,https://www.wikihow.com/Category:Animals-and-the-Law
domestic,site:wikihow.com Category:Home-and-Garden,German - how to articles from wikiHow,German,https://www.wikihow.com/Category:German
domestic,site:wikihow.com Category:Home-and-Garden,60+ Roman Gods and Goddesses (& What They Rule Over),60+ Major and Minor Deities of Roman Mythology,https://www.wikihow.com/Roman-Gods
domestic,site:wikihow.com Category:Home-and-Garden,How to Celebrate Your Birthday: 30 Fun Ideas + Planning ...,30+ Epic Ways to Celebrate Your Birthday & Have a Memorable Day,https://www.wikihow.com/Celebrate-Your-Birthday
domestic,site:wikihow.com Category:Home-and-Garden,Ticketbud - how to articles from wikiHow,Ticketbud,https://www.wikihow.com/Category:Ticketbud
domestic,site:wikihow.com Category:Home-and-Garden,120+ Fun Summer Bucket List Ideas for All Ages,"120+ Awesome Summer Bucket List Ideas for Kids, Teens & Adults",https://www.wikihow.com/Summer-Bucket-List-Ideas
domestic,site:wikihow.com Category:Home-and-Garden,Success - how to articles from wikiHow,Success,https://www.wikihow.com/Category:Success
domestic,site:wikihow.com Category:Home-and-Garden,Foot Problems - how to articles from wikiHow,Foot Problems,https://www.wikihow.com/Category:Foot-Problems
domestic,site:wikihow.com Category:Home-and-Garden,Swimming - how to articles from wikiHow,Swimming,https://www.wikihow.com/Category:Swimming
domestic,site:wikihow.com Category:Home-and-Garden,How to Export Contacts on Android: 5 Simple Steps,How to Export Contacts on Android,https://www.wikihow.com/Export-Contacts-on-Android
domestic,site:wikihow.com Category:Home-and-Garden,25 of the Best Fullmetal Alchemist Quotes From the Show,25 Iconic & Fan-Favorite Fullmetal Alchemist Quotes,https://www.wikihow.com/Fullmetal-Alchemist-Quotes
domestic,site:wikihow.com Category:Home-and-Garden,Child Abuse - how to articles from wikiHow,Child Abuse,https://www.wikihow.com/Category:Child-Abuse
domestic,site:wikihow.com Category:Home-and-Garden,Soups - how to articles from wikiHow,Soups,https://www.wikihow.com/Category:Soups
domestic,site:wikihow.com Category:Home-and-Garden,Body Language - how to articles from wikiHow,Body Language,https://www.wikihow.com/Category:Body-Language
domestic,site:wikihow.com Category:Home-and-Garden,Gout - how to articles from wikiHow,Gout,https://www.wikihow.com/Category:Gout
domestic,site:wikihow.com Category:Home-and-Garden,Boxing - how to articles from wikiHow,Boxing,https://www.wikihow.com/Category:Boxing
domestic,site:wikihow.com Category:Home-and-Garden,Trading Cards - how to articles from wikiHow,Trading Cards,https://www.wikihow.com/Category:Trading-Cards
domestic,site:wikihow.com Category:Home-and-Garden,How to Get Rid of an Unwanted Erection: 12 Discreet Ways,How to Stop an Erection: Ending & Hiding Unexpected Arousal,https://www.wikihow.com/Get-Rid-of-an-Unwanted-Erection
domestic,site:wikihow.com Category:Home-and-Garden,Performative or Authentic Quiz: Which One Are You?,Are You Performative or Authentic?,https://www.wikihow.com/Are-You-Performative-or-Authentic-Quiz
domestic,site:wikihow.com Category:Home-and-Garden,What Happened to Zuko's Mom? Ursa's Story Explained,What Happened to Zuko's Mom in Avatar?,https://www.wikihow.com/What-Happened-to-Zuko%27s-Mom
domestic,site:wikihow.com Category:Home-and-Garden,Paying for Healthcare - how to articles from wikiHow,Paying for Healthcare,https://www.wikihow.com/Category:Paying-for-Healthcare
domestic,site:wikihow.com Category:Home-and-Garden,The Norse Gods Family Tree: Your Complete Visual Guide,Family Tree of the Norse Gods: A Mythological Deep Dive,https://www.wikihow.com/Norse-Gods-Family-Tree
domestic,site:wikihow.com Category:Home-and-Garden,Performing Arts - how to articles from wikiHow,Performing Arts,https://www.wikihow.com/Category:Performing-Arts
domestic,site:wikihow.com Category:Home-and-Garden,What's My Blood Type Personality? Ketsuekigata Quiz,Blood Type Personality Quiz,https://www.wikihow.com/Blood-Type-Quiz
domestic,site:wikihow.com Category:Home-and-Garden,Contacting Politicians - how to articles from wikiHow,Contacting Politicians,https://www.wikihow.com/Category:Contacting-Politicians
domestic,site:wikihow.com Category:Home-and-Garden,How to Repost & Share Posts on Facebook,4 Easy Ways to Repost on Facebook,https://www.wikihow.com/Repost-on-Facebook
domestic,site:wikihow.com Category:Home-and-Garden,A Complete Guide to Sorcerer Grades - Jujutsu Kaisen,What Are JJK’s Sorcerer Grades? (Complete Tier List),https://www.wikihow.com/JJK-Sorcerer-Grades
domestic,site:wikihow.com Category:Home-and-Garden,Food and Drink Businesses - how to articles from wikiHow,Food and Drink Businesses,https://www.wikihow.com/Category:Food-and-Drink-Businesses
domestic,site:wikihow.com Category:Home-and-Garden,Foodborne Illnesses (Food Poisoning),Foodborne Illnesses (Food Poisoning),https://www.wikihow.com/Category:Foodborne-Illnesses-(Food-Poisoning)
domestic,site:wikihow.com Category:Home-and-Garden,How Well Do You Know Video Games? A Quiz for Gamers,How Much of a Gamer Are You?,https://www.wikihow.com/Quiz-for-Gamers
domestic,site:wikihow.com Category:Home-and-Garden,Medical Skills - how to articles from wikiHow,Medical Skills,https://www.wikihow.com/Category:Medical-Skills
domestic,site:wikihow.com Category:Home-and-Garden,3 Ways to Be a Pornstar,How to Be a Pornstar,https://www.wikihow.com/Be-a-Pornstar
domestic,site:wikihow.com Category:Home-and-Garden,Social Gatherings - how to articles from wikiHow,Social Gatherings,https://www.wikihow.com/Category:Social-Gatherings
domestic,site:wikihow.com Category:Home-and-Garden,RuneScape Skills - how to articles from wikiHow,RuneScape Skills,https://www.wikihow.com/Category:RuneScape-Skills
domestic,site:wikihow.com Category:Home-and-Garden,120+ Dating Game Questions for Couples: Flirty & Serious,120+ Fun & Deep Relationship-Building Icebreakers,https://www.wikihow.com/Dating-Game-Questions
domestic,site:wikihow.com Category:Home-and-Garden,Choosing a Dog - how to articles from wikiHow,Choosing a Dog,https://www.wikihow.com/Category:Choosing-a-Dog
domestic,site:wikihow.com Category:Home-and-Garden,Acting - how to articles from wikiHow,Acting,https://www.wikihow.com/Category:Acting
domestic,site:wikihow.com Category:Home-and-Garden,Natural Hair Colorants and Lighteners,Natural Hair Colorants and Lighteners,https://www.wikihow.com/Category:Natural-Hair-Colorants-and-Lighteners
domestic,site:wikihow.com Category:Home-and-Garden,Articles about Obsessive Compulsive Disorder,Obsessive Compulsive Disorder,https://www.wikihow.com/Category:Obsessive-Compulsive-Disorder
domestic,site:wikihow.com Category:Home-and-Garden,25+ Popular Magical Girl Anime to Watch Right Now,What Is Magical Girl Anime? + The Best Series,https://www.wikihow.com/Magical-Girl-Anime
domestic,site:wikihow.com Category:Home-and-Garden,Daemons of the Shadow Realm Character Quiz,Which Daemons of the Shadow Realm Character Am I?,https://www.wikihow.com/Which-Daemons-of-the-Shadow-Realm-Character-Am-I
domestic,site:wikihow.com Category:Home-and-Garden,Real Estate - how to articles from wikiHow,Real Estate,https://www.wikihow.com/Category:Real-Estate
domestic,site:wikihow.com Category:Home-and-Garden,Dresses and Skirts - how to articles from wikiHow,Dresses and Skirts,https://www.wikihow.com/Category:Dresses-and-Skirts
domestic,site:wikihow.com Category:Home-and-Garden,How to Make a Roblox Group for Beginners,How to Make a Roblox Group for Beginners,https://www.wikihow.com/Make-a-Group-on-Roblox
domestic,site:wikihow.com Category:Home-and-Garden,Selling Comics - how to articles from wikiHow,Selling Comics,https://www.wikihow.com/Category:Selling-Comics
domestic,site:wikihow.com Category:Home-and-Garden,Falling in Love - how to articles from wikiHow,Falling in Love,https://www.wikihow.com/Category:Falling-in-Love
domestic,site:wikihow.com Category:Home-and-Garden,What Does It Mean When a Girl Stares at You? (11 Reasons),What Does It Mean When a Girl Stares at You? (11 Reasons & How to Respond),https://www.wikihow.com/What-Does-It-Mean-when-a-Girl-Stares-at-You
domestic,site:wikihow.com Category:Home-and-Garden,What Did Gojo Say to Geto in Jujutsu Kaisen 0?,What Were Gojo's Final Words to Geto? Popular Fan Theories,https://www.wikihow.com/What-Did-Gojo-Say-to-Geto
domestic,site:wikihow.com Category:Home-and-Garden,Disney Fandom - how to articles from wikiHow,Disney Fandom,https://www.wikihow.com/Category:Disney-Fandom
domestic,site:wikihow.com Category:Home-and-Garden,What Can Be Used As a Personal Lubricant?,What You Can (And Can’t) Use as a Lube Substitute,https://www.wikihow.com/What-Can-Be-Used-As-a-Personal-Lubricant
domestic,site:wikihow.com Category:Home-and-Garden,Anime Life Simulator: Create Your Own Story,Anime Simulator: Your Life in Anime,https://www.wikihow.com/Generator/Anime-Life-Simulator
domestic,site:wikihow.com Category:Home-and-Garden,Which P1Harmony Member Are You? Personality Quiz,Which P1Harmony Member Am I?,https://www.wikihow.com/Which-P1harmony-Member-Are-You
domestic,site:wikihow.com Category:Home-and-Garden,Outdoor Lights - how to articles from wikiHow,Outdoor Lights,https://www.wikihow.com/Category:Outdoor-Lights
domestic,site:wikihow.com Category:Home-and-Garden,The Best Mushi-Shi Watch Order (+ Where to Watch),How to Watch Mushi-Shi in Order (& If You Need To),https://www.wikihow.com/Mushishi-Watch-Order
domestic,site:wikihow.com Category:Home-and-Garden,Mushoku Tensei Watch Order: The Ultimate Guide,How to Watch Mushoku Tensei: Jobless Reincarnation In Order,https://www.wikihow.com/Mushoku-Tensei-Watch-Order
domestic,site:wikihow.com Category:Home-and-Garden,Book Crafts - how to articles from wikiHow,Book Crafts,https://www.wikihow.com/Category:Book-Crafts
domestic,site:wikihow.com Category:Home-and-Garden,4 Simple Ways to Include References in a CV,How to Include References in a CV,https://www.wikihow.com/Include-References-in-a-CV
domestic,site:wikihow.com Category:Home-and-Garden,Who's My Cartoon Animal Sidekick?,Who's My Cartoon Animal Sidekick?,https://www.wikihow.com/What-Would-My-Cartoon-Animal-Sidekick-Be
domestic,site:wikihow.com Category:Home-and-Garden,How to Look Busy When You're Not: 15 Ways to Fool People,How to Appear Productive When You're Not Really Doing Anything,https://www.wikihow.com/Look-Busy-Even-when-You%27re-Not
domestic,site:wikihow.com Category:Home-and-Garden,How to Block a Facebook Group on Android,How to Block a Facebook Group on Android,https://www.wikihow.com/Block-a-Facebook-Group-on-Android
domestic,site:wikihow.com Category:Home-and-Garden,Rings - how to articles from wikiHow,Rings,https://www.wikihow.com/Category:Rings
domestic,site:wikihow.com Category:Home-and-Garden,Shopping for Clothes - how to articles from wikiHow,Shopping for Clothes,https://www.wikihow.com/Category:Shopping-for-Clothes
domestic,site:wikihow.com Category:Home-and-Garden,Painting Nails - how to articles from wikiHow,Painting Nails,https://www.wikihow.com/Category:Painting-Nails
domestic,site:wikihow.com Category:Home-and-Garden,Slang from the 90s: The Ultimate List of Fly Nineties Terms,The Most Popular 90s Slang Words & Phrases: 40 Hella Bomb Sayings,https://www.wikihow.com/Slang-from-the-90%27s
domestic,site:wikihow.com Category:Home-and-Garden,Dishwashers - how to articles from wikiHow,Dishwashers,https://www.wikihow.com/Category:Dishwashers
domestic,site:wikihow.com Category:Home-and-Garden,Listening to Music - how to articles from wikiHow,Listening to Music,https://www.wikihow.com/Category:Listening-to-Music
domestic,site:wikihow.com Category:Home-and-Garden,Can i have a list of brainrot terms please?,Can i have a list of brainrot terms please?,https://www.wikihow.com/Forum/Discussion-Can-I-Have-a-List-of-Brainrot-Terms-Please
domestic,site:wikihow.com Category:Home-and-Garden,Social Activism - how to articles from wikiHow,Social Activism,https://www.wikihow.com/Category:Social-Activism
domestic,site:wikihow.com Category:Home-and-Garden,Juice - how to articles from wikiHow,Juice,https://www.wikihow.com/Category:Juice
domestic,site:wikihow.com Category:Home-and-Garden,2 Easy Ways to See Who You Are Following on Facebook,2 Easy Ways to See Who You Are Following on Facebook,https://www.wikihow.com/See-Who-You-Follow-on-Facebook
domestic,site:wikihow.com Category:Home-and-Garden,"""Wednesday"" Character Tier List Maker","""Wednesday"" Character Tier List Maker",https://www.wikihow.com/Wednesday-Tier-List
domestic,site:wikihow.com Category:Home-and-Garden,What Song Is Your Entrance Music? Personality Analyzer,What Song Is Your Entrance Music?,https://www.wikihow.com/Generator/What-Song-Would-Play-when-People-First-See-You
domestic,site:wikihow.com Category:Home-and-Garden,"Am I Cat, Deer, Bunny, or Fox Pretty? Tiktok Trend Quiz","Am I Cat, Deer, Bunny, or Fox Pretty?",https://www.wikihow.com/Am-I-Cat-Deer-Bunny-or-Fox-Pretty
domestic,site:wikihow.com Category:Home-and-Garden,Happy One Month Anniversary Messages,Celebrate Your One Month Anniversary with These Sweet Messages,https://www.wikihow.com/Happy-One-Month-Anniversary
domestic,site:wikihow.com Category:Home-and-Garden,"12 Ways to Use ""for Example"" for Clearer Writing","12 Ways to Use ""for Example"" for Clearer Writing",https://www.wikihow.com/Use-%22for-Example%22-in-a-Sentence
domestic,site:wikihow.com Category:Home-and-Garden,Television Talk Shows - how to articles from wikiHow,Television Talk Shows,https://www.wikihow.com/Category:Television-Talk-Shows
domestic,site:wikihow.com Category:Home-and-Garden,Fundraising and Charity - how to articles from wikiHow,Fundraising and Charity,https://www.wikihow.com/Category:Fundraising-and-Charity
domestic,site:wikihow.com Category:Home-and-Garden,Sewing - how to articles from wikiHow,Sewing,https://www.wikihow.com/Category:Sewing
domestic,site:wikihow.com Category:Home-and-Garden,What Is a Positive Canthal Tilt & Is It Attractive?,What Is a Positive Canthal Tilt & Is It Attractive?,https://www.wikihow.com/Positive-Canthal-Tilt
domestic,site:wikihow.com Category:Home-and-Garden,Horse Showing and Competition - how to articles from ...,Horse Showing and Competition,https://www.wikihow.com/Category:Horse-Showing-and-Competition
domestic,site:wikihow.com Category:Home-and-Garden,How to See Blocked Contacts on iPhone: 4 Quick Ways,4 Easy Ways to Find Blocked Numbers and Contacts on iPhone,https://www.wikihow.com/See-Blocked-Contacts-on-iPhone
domestic,site:wikihow.com Category:Home-and-Garden,Book Genre Personality Quiz: Which Genre Are You?,What Book Genre Am I?,https://www.wikihow.com/Book-Genre-Quiz
domestic,site:wikihow.com Category:Home-and-Garden,Photography - how to articles from wikiHow,Photography,https://www.wikihow.com/Category:Photography
domestic,site:wikihow.com Category:Home-and-Garden,Creating Games - how to articles from wikiHow,Creating Games,https://www.wikihow.com/Category:Creating-Games
domestic,site:wikihow.com Category:Home-and-Garden,Dere Type Dating Simulator: Find Your Perfect Match,Dere Type Dating Simulator: Find Your Perfect Match,https://www.wikihow.com/Dere-Type-Dating-Simulator
domestic,site:wikihow.com Category:Home-and-Garden,Wrestling Moves - how to articles from wikiHow,Wrestling Moves,https://www.wikihow.com/Category:Wrestling-Moves
domestic,site:wikihow.com Category:Home-and-Garden,How to Eat In Class (with Pictures),How to Eat In Class,https://www.wikihow.com/Eat-In-Class
domestic,site:wikihow.com Category:Home-and-Garden,Spotify Liked Songs Not Updating? Try These 12 Fixes,How to Fix Spotify's Liked Songs Playlist Not Syncing,https://www.wikihow.com/Spotify-Liked-Songs-Not-Updating
domestic,site:wikihow.com Category:Home-and-Garden,Multiple Intelligence Analyzer: Find Your Strengths,Multiple Intelligence Test,https://www.wikihow.com/Generator/Multiple-Intelligence-Test
domestic,site:wikihow.com Category:Home-and-Garden,WLW Rizz: Sapphic Pickup Lines & Dating Tips,75+ WLW Pick Up Lines to Rizz Up Any Woman,https://www.wikihow.com/Wlw-Rizz
domestic,site:wikihow.com Category:Home-and-Garden,Clothes by Type - how to articles from wikiHow,Clothes by Type,https://www.wikihow.com/Category:Clothes-by-Type
domestic,site:wikihow.com Category:Home-and-Garden,25+ Most Valuable Garbage Pail Kids Cards,25+ Most Valuable Garbage Pail Kids Cards,https://www.wikihow.com/Garbage-Pail-Kids-Cards-Value
domestic,site:wikihow.com Category:Home-and-Garden,What Album Are You Based on Your Personality? - Music,What Album Am I?,https://www.wikihow.com/Generator/What-Album-Are-You-Analyzer
domestic,site:wikihow.com Category:Home-and-Garden,Nasal Congestion - how to articles from wikiHow,Nasal Congestion,https://www.wikihow.com/Category:Nasal-Congestion
domestic,site:wikihow.com Category:Home-and-Garden,Street Dance - how to articles from wikiHow,Street Dance,https://www.wikihow.com/Category:Street-Dance
domestic,site:wikihow.com Category:Home-and-Garden,40+ Large Group Party Games to Entertain Lots of People,40+ Fun & Exciting Group Game Ideas to Play with 20+ People,https://www.wikihow.com/Party-Games-for-Large-Groups
domestic,site:wikihow.com Category:Home-and-Garden,Yarn and Thread - how to articles from wikiHow,Yarn and Thread,https://www.wikihow.com/Category:Yarn-and-Thread
domestic,site:wikihow.com Category:Home-and-Garden,Top or Bottom Quiz: Find Your Role Personality,Am I a Top or a Bottom Personality?,https://www.wikihow.com/Top-or-Bottom-Quiz
domestic,site:wikihow.com Category:Home-and-Garden,"230+ Pictionary Ideas: Easy, Medium & Hard Categories",230+ Fun Pictionary Word Ideas,https://www.wikihow.com/Pictionary-Ideas
domestic,site:wikihow.com Category:Home-and-Garden,Simple Ways to Add a User to a Group on Windows,Simple Ways to Add a User to a Group on Windows,https://www.wikihow.com/Add-a-User-to-a-Group-on-Windows
domestic,site:wikihow.com Category:Home-and-Garden,Forgiveness - how to articles from wikiHow,Forgiveness,https://www.wikihow.com/Category:Forgiveness
domestic,site:wikihow.com Category:Home-and-Garden,Gastroesophageal Reflux Disease (Acid Reflux),Gastroesophageal Reflux Disease (Acid Reflux),https://www.wikihow.com/Category:Gastroesophageal-Reflux-Disease-(Acid-Reflux)
domestic,site:wikihow.com Category:Home-and-Garden,Which Care Bear Am I? Personality Quiz,Which Care Bear Fits My Personality?,https://www.wikihow.com/What-Care-Bear-Am-I
domestic,site:wikihow.com Category:Home-and-Garden,First Name Analysis: How Rare Is Your Name?,How Rare Is Your Name?,https://www.wikihow.com/How-Rare-Is-My-Name
domestic,site:wikihow.com Category:Home-and-Garden,Duct Tape Crafts - how to articles from wikiHow,Duct Tape Crafts,https://www.wikihow.com/Category:Duct-Tape-Crafts
domestic,site:wikihow.com Category:Home-and-Garden,How to Stop Skipping Class: 8 Steps (with Pictures),How to Stop Skipping Class,https://www.wikihow.com/Stop-Skipping-Class
domestic,site:wikihow.com Category:Home-and-Garden,Nerd or Mean Girl Personality Quiz: Which One Are You?,Am I More of a Nerd or a Mean Girl?,https://www.wikihow.com/Nerd-or-Mean-Girls-Quiz
domestic,site:wikihow.com Category:Home-and-Garden,Graduation - how to articles from wikiHow,Graduation,https://www.wikihow.com/Category:Graduation
domestic,site:wikihow.com Category:Home-and-Garden,How to Get Skill Points in Sailor Piece: Complete Guide,How to Unlock and Earn Skill Points Fast for Sailor Piece,https://www.wikihow.com/Get-Skill-Points-in-Sailor-Piece
domestic,site:wikihow.com Category:Home-and-Garden,How to Put a Friend or Relative Out of Your House,How to Get a Friend or Family Member to Move Out,https://www.wikihow.com/Put-a-Friend-or-Relative-out-of-Your-House
domestic,site:wikihow.com Category:Home-and-Garden,How to Add Widgets on Android: 5 Steps (with Pictures),How to Add Widgets on Android,https://www.wikihow.com/Add-Widgets-on-Android
domestic,site:wikihow.com Category:Home-and-Garden,First Aid and Emergency Health Care,First Aid and Emergency Health Care,https://www.wikihow.com/Category:First-Aid-and-Emergency-Health-Care
domestic,site:wikihow.com Category:Home-and-Garden,130+ Common Latino Last Names & Their Meanings,130+ Popular Latino Last Names + What They Mean,https://www.wikihow.com/Latino-Last-Names
domestic,site:wikihow.com Category:Home-and-Garden,Cool Username Generators,Cool Username Generators,https://www.wikihow.com/Cool-Username-Generators
domestic,site:wikihow.com Category:Home-and-Garden,575+ Adopt Me Pet Names to Inspire You,575+ Adopt Me Pet Names to Inspire You,https://www.wikihow.com/Adopt-Me-Names
domestic,site:wikihow.com Category:Home-and-Garden,Making Money - how to articles from wikiHow,Making Money,https://www.wikihow.com/Category:Making-Money
domestic,site:wikihow.com Category:Home-and-Garden,Fire Emergencies - how to articles from wikiHow,Fire Emergencies,https://www.wikihow.com/Category:Fire-Emergencies
domestic,site:wikihow.com Category:Home-and-Garden,How to Create a Group Chat in Viber for Smartphones,How to Create a Group Chat in Viber for Smartphones,https://www.wikihow.com/Create-a-Group-Chat-in-Viber-for-Smartphones
domestic,site:wikihow.com Category:Home-and-Garden,Windows 11 Search Bar Not Working? Here's How to Fix It,7 Simple Solutions to Troubleshoot a Broken Windows Search Bar,https://www.wikihow.com/Windows-Search-Bar-Not-Working-Windows-11
domestic,site:wikihow.com Category:Home-and-Garden,3 Ways to Open a Day Care Center,How to Open a Day Care Center,https://www.wikihow.com/Open-a-Day-Care-Center
domestic,site:wikihow.com Category:Home-and-Garden,How to Design a Successful Indoor Garden,How to Design a Successful Indoor Garden,https://www.wikihow.com/Design-a-Successful-Indoor-Garden
domestic,site:wikihow.com Category:Home-and-Garden,Solo Cup Measurements: Are They Really for Alcohol?,Do Solo Cup Measuring Lines Exist? Debunking the Myth,https://www.wikihow.com/Solo-Cup-Measurements
domestic,site:wikihow.com Category:Home-and-Garden,60+ Thank You Messages for After a Party or Celebration,60+ Thank You Messages for After a Party or Celebration,https://www.wikihow.com/Thank-You-for-Coming-to-My-Party
domestic,site:wikihow.com Category:Home-and-Garden,Alpha Beta Omega Test: Find Your Place in the Omegaverse,"Am I an Alpha, Beta, or Omega?",https://www.wikihow.com/Alpha-Beta-Omega-Test
domestic,site:wikihow.com Category:Home-and-Garden,Book Fandom - how to articles from wikiHow,Book Fandom,https://www.wikihow.com/Category:Book-Fandom
domestic,site:wikihow.com Category:Home-and-Garden,What Would You Go to Jail for Quiz: Find Out Now!,What Would I Go to Jail For?,https://www.wikihow.com/What-Would-You-Go-to-Jail-for-Quiz
domestic,site:wikihow.com Category:Home-and-Garden,How to Delete Roblox Messages in My Inbox: Easy Guide,How to Delete Roblox Chat History + Easy Workaround,https://www.wikihow.com/Delete-Roblox-Messages
domestic,site:wikihow.com Category:Home-and-Garden,Jujutsu Kaisen Cursed Technique Generator,Jujutsu Kaisen Cursed Technique Generator,https://www.wikihow.com/Generator/Jjk-Cursed-Technique-Generator
domestic,site:wikihow.com Category:Home-and-Garden,Ballet - how to articles from wikiHow,Ballet,https://www.wikihow.com/Category:Ballet
domestic,site:wikihow.com Category:Home-and-Garden,How to Comment with Pictures on TikTok (And Why Some ...,How to Comment with Pictures on TikTok (And Why Some Can't),https://www.wikihow.com/Post-Picture-in-Comments
domestic,site:wikihow.com Category:Home-and-Garden,How to Watch Bunny Girl Senpai in Order,The Best Way to Watch Rascal Does Not Dream in Order,https://www.wikihow.com/Bunny-Girl-Senpai-Order-to-Watch
domestic,site:wikihow.com Category:Home-and-Garden,Jujutsu High Mission Assignment Generator,Jujutsu High Mission Assignment Generator,https://www.wikihow.com/Generator/Jujutsu-High-Mission-Assignment-Generator
domestic,site:wikihow.com Category:Home-and-Garden,Dere Types Test,What Type of Dere Am I?,https://www.wikihow.com/Dere-Types
domestic,site:wikihow.com Category:Home-and-Garden,How to Start a Vegetable Garden: 15 Steps (with Pictures),How to Start a Vegetable Garden,https://www.wikihow.com/Plan-a-Vegetable-Garden
domestic,"site:wikihow.com ""Home-and-Garden""",How to Start a Garden: 12 Expert Steps for Beginners,How to Start a Garden: 12 Expert Steps for Beginners,https://www.wikihow.com/Start-a-Garden
domestic,"site:wikihow.com ""Home-and-Garden""",How to Plant a Garden: A Beginner's Guide,A Step-by-Step Guide to Planting a Garden,https://www.wikihow.com/Plant-a-Garden
domestic,"site:wikihow.com ""Home-and-Garden""",Planting and Growing - how to articles from wikiHow,Planting and Growing,https://www.wikihow.com/Category:Planting-and-Growing
domestic,"site:wikihow.com ""Home-and-Garden""",3 Effective Ways to Graft Plants Together - wikiHow,3 Effective Ways to Graft Plants Together,https://www.wikihow.com/Graft-Plants
domestic,"site:wikihow.com ""Home-and-Garden""",How to Grow Water Lilies: A Step-by-Step Guide - wikiHow,"Growing Water Lilies: Care, Planting, and Blooming",https://www.wikihow.com/Grow-Water-Lilies
domestic,"site:wikihow.com ""Home-and-Garden""",How to Grow a Garden in a Bottle (with Pictures),How to Grow a Garden in a Bottle,https://www.wikihow.com/Grow-a-Garden-in-a-Bottle
domestic,"site:wikihow.com ""Home-and-Garden""","How to Plant, Grow, & Harvest Your Own Garlic at Home","How to Plant, Grow, & Harvest Your Own Garlic at Home",https://www.wikihow.com/Grow-Garlic
domestic,"site:wikihow.com ""Home-and-Garden""",How to Plant Flowers: 13 Steps (with Pictures),How to Plant Flowers,https://www.wikihow.com/Plant-Flowers
domestic,"site:wikihow.com ""Home-and-Garden""",28 Ways to Save the Environment at Home,How to Save the Environment at Home,https://www.wikihow.com/Save-the-Environment-at-Home
domestic,"site:wikihow.com ""Home-and-Garden""",How to Grow Ginger: 9 Tips for Beginners,"How to Plant, Care For, and Harvest Ginger at Home",https://www.wikihow.com/Grow-a-Ginger-Plant
domestic,"site:wikihow.com ""Home-and-Garden""",How to Grow Morning Glories (with Pictures),How to Grow Morning Glories,https://www.wikihow.com/Grow-Morning-Glories
domestic,"site:wikihow.com ""Home-and-Garden""",How to Care for Indoor Plants: 15 Steps (with Pictures),How to Care for Indoor Plants,https://www.wikihow.com/Care-for-Indoor-Plants
domestic,"site:wikihow.com ""Home-and-Garden""",How to Choose the Best Time for Watering a Garden,How to Choose the Best Time for Watering a Garden,https://www.wikihow.com/Choose-the-Best-Time-for-Watering-a-Garden
domestic,"site:wikihow.com ""Home-and-Garden""",How to Grow an Onion from an Onion: Easy Planting Guide,How to Grow Onions from Onions at Home,https://www.wikihow.com/Grow-an-Onion-from-an-Onion
domestic,"site:wikihow.com ""Home-and-Garden""",How to Prepare the Soil for a Vegetable Garden,"How to Prepare Soil for a Vegetable Garden: Testing, Amending & Tilling",https://www.wikihow.com/Prepare-the-Soil-for-a-Vegetable-Garden
domestic,"site:wikihow.com ""Home-and-Garden""",How to Start an Organic Vegetable Garden (with Pictures),How to Start an Organic Vegetable Garden,https://www.wikihow.com/Start-an-Organic-Vegetable-Garden
domestic,"site:wikihow.com ""Home-and-Garden""",Garden Crafts - how to articles from wikiHow,Garden Crafts,https://www.wikihow.com/Category:Garden-Crafts
domestic,"site:wikihow.com ""Home-and-Garden""",4 Simple Ways to Protect Plants,How to Protect Plants,https://www.wikihow.com/Protect-Plants
domestic,"site:wikihow.com ""Home-and-Garden""",How to Remove Ants from Potted Plants: 9 Effective Ways,How to Get Rid of Ant Nests in Potted Plants,https://www.wikihow.com/Remove-Ants-from-Potted-Plants
domestic,"site:wikihow.com ""Home-and-Garden""",How to Use Potash in the Garden: Your Questions Answered,Why Do Gardens Need Potash? Everything You Need to Know,https://www.wikihow.com/Use-Potash
domestic,"site:wikihow.com ""Home-and-Garden""",6 Ways to Compost,How to Compost,https://www.wikihow.com/Compost
domestic,"site:wikihow.com ""Home-and-Garden""",3 Ways to Use Baking Soda in the Garden,How to Use Baking Soda in the Garden,https://www.wikihow.com/Use-Baking-Soda-in-the-Garden
domestic,"site:wikihow.com ""Home-and-Garden""",How to Create a Zen Garden: 7 Steps (with Pictures),How to Create a Zen Garden,https://www.wikihow.com/Create-a-Zen-Garden
domestic,"site:wikihow.com ""Home-and-Garden""",How to Make a Chemical Garden: 9 Steps (with Pictures),How to Make a Chemical Garden,https://www.wikihow.com/Make-a-Chemical-Garden
domestic,"site:wikihow.com ""Home-and-Garden""",Expert Advice to Get Rid of Snails in Your Garden or Yard,Expert Advice to Get Rid of Snails in Your Garden or Yard,https://www.wikihow.com/Get-Rid-of-Snails
domestic,"site:wikihow.com ""Home-and-Garden""",How to Grow Long Stem Roses at Home (with Pictures),How to Grow Long Stem Roses at Home,https://www.wikihow.com/Grow-Long-Stem-Roses-at-Home
domestic,"site:wikihow.com ""Home-and-Garden""",3 Ways to Add Potassium to an Organic Garden,How to Add Potassium to an Organic Garden,https://www.wikihow.com/Add-Potassium-to-an-Organic-Garden
domestic,"site:wikihow.com ""Home-and-Garden""",How to Water Plants While You're Away: 7 Simple Ways,7 Ways to Water Your Plants While You're on Vacation,https://www.wikihow.com/Water-Plants-While-You%27re-Away
domestic,"site:wikihow.com ""Home-and-Garden""",How to Build a Mason Jar Herb Garden,How to Build a Mason Jar Herb Garden,https://www.wikihow.com/Build-a-Mason-Jar-Herb-Garden
domestic,"site:wikihow.com ""Home-and-Garden""",How to Make Your House Look Luxurious on a Tight Budget,Easy Tips & Tricks to Make Your Home Look More Expensive on a Budget,https://www.wikihow.com/Make-Your-House-Look-Luxurious-on-a-Tight-Budget
domestic,"site:wikihow.com ""Home-and-Garden""",Simple Ways to Get Rid of Morning Glories: 12 Steps,How to Get Rid of Morning Glories,https://www.wikihow.com/Get-Rid-of-Morning-Glories
domestic,"site:wikihow.com ""Home-and-Garden""",3 Ways to Use Hydrogen Peroxide in the Garden,How to Use Hydrogen Peroxide in the Garden,https://www.wikihow.com/Use-Hydrogen-Peroxide-in-the-Garden
domestic,"site:wikihow.com ""Home-and-Garden""",How to Repel Monkeys from Residential Areas - wikiHow,How to Scare Monkeys Away from Your Home or Yard,https://www.wikihow.com/Repel-Monkeys-from-Residential-Areas
domestic,"site:wikihow.com ""Home-and-Garden""",How to Build a Japanese Garden (with Pictures),How to Build a Japanese Garden,https://www.wikihow.com/Build-a-Japanese-Garden
domestic,"site:wikihow.com ""Home-and-Garden""",Video: Where can I donate extra food from my home garden?,Video: Where can I donate extra food from my home garden?,https://www.wikihow.com/Expert-Donate-Food-from-Home-Garden
domestic,"site:wikihow.com ""Home-and-Garden""",How to Prepare a Garden Plot: 13 Steps (with Pictures),How to Prepare a Garden Plot,https://www.wikihow.com/Prepare-a-Garden-Plot
domestic,"site:wikihow.com ""Home-and-Garden""",How to Get Rid of Frogs: 14 Effective Ways,How to Remove Frogs from Your Home or Garden,https://www.wikihow.com/Get-Rid-of-Frogs
domestic,"site:wikihow.com ""Home-and-Garden""",4 Ways to Make Rosewater,How to Make Rosewater,https://www.wikihow.com/Make-Rosewater
domestic,"site:wikihow.com ""Home-and-Garden""","Video: What are the easiest plants for an at-home, inedible ...","Video: What are the easiest plants for an at-home, inedible garden?",https://www.wikihow.com/Expert-Easy-Plants-At-Home-Inedible-Garden
domestic,"site:wikihow.com ""Home-and-Garden""",3 Ways to Research the History of Your House,How to Research the History of Your House,https://www.wikihow.com/Research-the-History-of-Your-House
domestic,"site:wikihow.com ""Home-and-Garden""",wikiHow Expert Co-author: Diane Henkler,Diane Henkler,https://www.wikihow.com/Author/Diane-Henkler
domestic,"site:wikihow.com ""Home-and-Garden""","What are the easiest plants for an at-home, edible garden?","Video: What are the easiest plants for an at-home, edible garden?",https://www.wikihow.com/Expert-Easy-Plants-At-Home-Edible-Garden
domestic,"site:wikihow.com ""Home-and-Garden""",wikiHow Expert Co-author: Marissa Fidler,Marissa Fidler,https://www.wikihow.com/Author/Marissa-Fidler
domestic,"site:wikihow.com ""Home-and-Garden""",White Spots on Plants: Causes & Getting Rid of Powdery ...,White Spots on Plants: Causes & Getting Rid of Powdery Mildew,https://www.wikihow.com/Why-Does-Your-Plant-Have-White-Spots
domestic,"site:wikihow.com ""Home-and-Garden""",Quick How-to Videos,Quick How-To Videos,https://www.wikihow.com/Video
domestic,"site:wikihow.com ""Home-and-Garden""",Nissa-Lynn Parson,Nissa-Lynn Parson,https://www.wikihow.com/Author/Nissa-Lynn-Parson
domestic,"site:wikihow.com ""Home-and-Garden""","Fun Quizzes on Love, Friendship and More",wikiHow Quizzes,https://www.wikihow.com/Quizzes
domestic,"site:wikihow.com ""Home-and-Garden""",5 Ways to Learn to Dance at Home,How to Learn to Dance at Home,https://www.wikihow.com/Learn-to-Dance-at-Home
domestic,"site:wikihow.com ""Home-and-Garden""",Sharing YouTube Videos - how to articles from wikiHow,Sharing YouTube Videos,https://www.wikihow.com/Category:Sharing-YouTube-Videos
domestic,"site:wikihow.com ""Home-and-Garden""",21+ Good Excuses to Work from Home (with Examples),The 21+ Best Excuses to Use When You Want to Work from Home,https://www.wikihow.com/Excuses-to-Work-from-Home
domestic,"site:wikihow.com ""Home-and-Garden""",How to Grow Saffron: 13 Steps (with Pictures),How to Grow Saffron,https://www.wikihow.com/Grow-Saffron
domestic,"site:wikihow.com ""Home-and-Garden""",What's My Greatest Strength? Take This Quiz to Find Out,Greatest Strength Quiz,https://www.wikihow.com/Greatest-Strength-Quiz
domestic,"site:wikihow.com ""Home-and-Garden""",Calculating Volume and Area - how to articles from wikiHow,Calculating Volume and Area,https://www.wikihow.com/Category:Calculating-Volume-and-Area
domestic,"site:wikihow.com ""Home-and-Garden""",Working from Home - how to articles from wikiHow,Working from Home,https://www.wikihow.com/Category:Working-from-Home
domestic,"site:wikihow.com ""Home-and-Garden""",How to Plant a Tree: 14 Steps (with Pictures),How to Plant a Tree,https://www.wikihow.com/Plant-a-Tree
domestic,"site:wikihow.com ""Home-and-Garden""",Improving Your Study Focus - how to articles from wikiHow,Improving Your Study Focus,https://www.wikihow.com/Category:Improving-Your-Study-Focus
domestic,"site:wikihow.com ""Home-and-Garden""",How to Find a Housekeeper: Expert Tips for Success,How to Find a Part-Time or Full-Time House Cleaner Near You,https://www.wikihow.com/Find-a-Housekeeper
domestic,"site:wikihow.com ""Home-and-Garden""",3 Easy Ways to Detect Hidden Cameras and Microphones,How to Detect Hidden Cameras and Microphones,https://www.wikihow.com/Detect-Hidden-Cameras-and-Microphones
domestic,"site:wikihow.com ""Home-and-Garden""",How to Build a Rainwater Collection System: 13 Steps,How to Build a Rainwater Collection System,https://www.wikihow.com/Build-a-Rainwater-Collection-System
domestic,"site:wikihow.com ""Home-and-Garden""",IP Addresses - how to articles from wikiHow,IP Addresses,https://www.wikihow.com/Category:IP-Addresses
domestic,"site:wikihow.com ""Home-and-Garden""",How to Check Blood Pressure with No Cuff,How to Check Blood Pressure with No Cuff,https://www.wikihow.com/Check-Blood-Pressure-with-No-Cuff
domestic,"site:wikihow.com ""Home-and-Garden""",Chat Websites - how to articles from wikiHow,Chat Websites,https://www.wikihow.com/Category:Chat-Websites
domestic,"site:wikihow.com ""Home-and-Garden""",Animal Paper Art and Craft - how to articles from wikiHow,Animal Paper Art and Craft,https://www.wikihow.com/Category:Animal-Paper-Art-and-Craft
domestic,"site:wikihow.com ""Home-and-Garden""",How to Apply Urea Fertilizer: 14 Steps (with Pictures),How to Apply Urea Fertilizer,https://www.wikihow.com/Apply-Urea-Fertilizer
domestic,"site:wikihow.com ""Home-and-Garden""",How to Fake Cry: 10 Steps (with Pictures),How to Fake Cry,https://www.wikihow.com/Fake-Cry
domestic,"site:wikihow.com ""Home-and-Garden""",How to Make Glow Sticks Glow Again: 8 Steps (with Pictures),How to Make Glow Sticks Glow Again,https://www.wikihow.com/Make-Glow-Sticks-Glow-Again
domestic,"site:wikihow.com ""Home-and-Garden""",Colors that Go with Yellow: Combos for Home and Style,What Colors Go with Yellow? A Guide to Complementary Hues,https://www.wikihow.com/Colors-That-Go-with-Yellow
domestic,"site:wikihow.com ""Home-and-Garden""",Business by Industry - how to articles from wikiHow,Business by Industry,https://www.wikihow.com/Category:Business-by-Industry
domestic,"site:wikihow.com ""Home-and-Garden""",Country Music - how to articles from wikiHow,Country Music,https://www.wikihow.com/Category:Country-Music
domestic,"site:wikihow.com ""Home-and-Garden""",How to Make an Areca Palm Grow Faster,How to Make an Areca Palm Grow Faster,https://www.wikihow.com/Make-an-Areca-Palm-Grow-Faster
domestic,"site:wikihow.com ""Home-and-Garden""",Metal Drill Bit vs Wood: Identification and Usage Guide,How to Tell Wood and Metal Drill Bits Apart,https://www.wikihow.com/Metal-Drill-Bit-vs-Wood
domestic,"site:wikihow.com ""Home-and-Garden""",3 Ways to Make Rose Tea,How to Make Rose Tea,https://www.wikihow.com/Make-Rose-Tea
domestic,"site:wikihow.com ""Home-and-Garden""",I'm so gassy. What are some home remedies to get rid of ...,I'm so gassy. What are some home remedies to get rid of gas fast?,https://www.wikihow.com/Forum/Discussion-Im-So-Gassy-What-Are-Some-Home-Remedies-to-Get-Rid-of-Gas-Fast
domestic,"site:wikihow.com ""Home-and-Garden""",Central Processing Unit (CPU) - how to articles from wikiHow,Central Processing Unit (CPU),https://www.wikihow.com/Category:Central-Processing-Unit-(CPU)
domestic,"site:wikihow.com ""Home-and-Garden""",Frizzy Hair - how to articles from wikiHow,Frizzy Hair,https://www.wikihow.com/Category:Frizzy-Hair
domestic,"site:wikihow.com ""Home-and-Garden""",Can LED Lights Grow Plants? Regular LED ... - wikiHow,Can LED Lights Grow Plants? Regular LED Lights vs. Grow Lights,https://www.wikihow.com/Can-LED-Lights-Grow-Plants
domestic,"site:wikihow.com ""Home-and-Garden""",Artwork Care and Maintenance - how to articles from wikiHow,Artwork Care and Maintenance,https://www.wikihow.com/Category:Artwork-Care-and-Maintenance
domestic,"site:wikihow.com ""Home-and-Garden""",How to Sketch Fashion Designs: 5 Steps (with Pictures),How to Sketch Fashion Designs,https://www.wikihow.com/Sketch-Fashion-Designs
domestic,"site:wikihow.com ""Home-and-Garden""",Introducing People - how to articles from wikiHow,Introducing People,https://www.wikihow.com/Category:Introducing-People
domestic,"site:wikihow.com ""Home-and-Garden""",Oil Painting - how to articles from wikiHow,Oil Painting,https://www.wikihow.com/Category:Oil-Painting
domestic,"site:wikihow.com ""Home-and-Garden""",How to Remove Salt from Softened Water for Plants,4 Easy and Effective Ways to Remove Salt from Softened Water and Help Your Plants Thrive,https://www.wikihow.com/Remove-Salt-from-Softened-Water-for-Plants
domestic,"site:wikihow.com ""Home-and-Garden""",How to Easily Plant & Grow Your Own Sugar Cane At Home,How to Grow Sugar Cane: Step-by-Step Guide for Beginners,https://www.wikihow.com/Plant-Sugar-Cane
domestic,"site:wikihow.com ""Home-and-Garden""",How to Gain Weight Fast (for Men): 14 Steps (with Pictures),How to Gain Weight Fast (for Men),https://www.wikihow.com/Gain-Weight-Fast-(for-Men)
domestic,"site:wikihow.com ""Home-and-Garden""","How to Plant, Grow & Care for Banana Trees in Pots","How to Plant, Grow & Care for Banana Trees in Pots",https://www.wikihow.com/Grow-Banana-Trees-in-Containers
domestic,"site:wikihow.com ""Home-and-Garden""",How to Care for a Spider Plant: 12 Steps (with Pictures),How to Care for a Spider Plant,https://www.wikihow.com/Care-for-a-Spider-Plant
domestic,"site:wikihow.com ""Home-and-Garden""",How to Perform the Shiva Abhishekam Procedure at Home,How to Perform the Shiva Abhishekam Procedure at Home,https://www.wikihow.com/Perform-Shiva-Abhishekam-at-Home
domestic,"site:wikihow.com ""Home-and-Garden""",How to Fix a Black Screen of Death on Your Phone,How to Fix a Black Screen of Death on Your Phone,https://www.wikihow.com/My-Phone-Screen-Is-Black-but-the-Phone-Is-on
domestic,"site:wikihow.com ""how to"" Home-and-Garden",How to Prepare a New Garden Bed: 12 Steps (with Pictures),How to Prepare a New Garden Bed,https://www.wikihow.com/Prepare-a-New-Garden-Bed
domestic,"site:wikihow.com ""how to"" Home-and-Garden",How to Grow Healthy Plants: 10 Steps (with Pictures),How to Grow Healthy Plants,https://www.wikihow.com/Grow-Healthy-Plants
domestic,"site:wikihow.com ""how to"" Home-and-Garden",How to Plant Vegetables: 12 Steps (with Pictures),How to Plant Vegetables,https://www.wikihow.com/Plant-Vegetables
domestic,"site:wikihow.com ""how to"" Home-and-Garden",How to Grow Potted Plants (with Pictures),How to Grow Potted Plants,https://www.wikihow.com/Grow-Potted-Plants
domestic,"site:wikihow.com ""how to"" Home-and-Garden",How to Build Vegetable Garden Boxes,How to Build Vegetable Garden Boxes,https://www.wikihow.com/Build-Vegetable-Garden-Boxes
domestic,"site:wikihow.com ""how to"" Home-and-Garden",How to Build a House (with Pictures),How to Build a House,https://www.wikihow.com/Build-a-House
domestic,"site:wikihow.com ""how to"" Home-and-Garden",How to Plant & Grow Beans: From Seed to Harvest,How to Plant & Grow Beans: From Seed to Harvest,https://www.wikihow.com/Grow-a-Bean-Plant
domestic,"site:wikihow.com ""how to"" Home-and-Garden",How to Build a Vertical Garden from Soda Bottles,How to Build a Vertical Garden from Soda Bottles,https://www.wikihow.com/Build-a-Vertical-Garden-from-Soda-Bottles
domestic,"site:wikihow.com ""how to"" Home-and-Garden",How to Construct a Raised Planting Bed (with Pictures),How to Construct a Raised Planting Bed,https://www.wikihow.com/Construct-a-Raised-Planting-Bed
domestic,"site:wikihow.com ""how to"" Home-and-Garden",3 Simple Ways to Maintain a Garden,How to Maintain a Garden,https://www.wikihow.com/Maintain-a-Garden
domestic,"site:wikihow.com ""how to"" Home-and-Garden",How to Apply Mulch: 14 Steps (with Pictures),How to Apply Mulch,https://www.wikihow.com/Apply-Mulch
domestic,"site:wikihow.com ""how to"" Home-and-Garden",How to Grow a Sustainable Garden (with Pictures),How to Grow a Sustainable Garden,https://www.wikihow.com/Grow-a-Sustainable-Garden
domestic,"site:wikihow.com ""how to"" Home-and-Garden",Video: How to Start a Flower Garden,How to Start a Flower Garden,https://www.wikihow.com/Video/Start-a-Flower-Garden
domestic,"site:wikihow.com ""how to"" Home-and-Garden",How to Create Your own Mini Garden,How to Create Your own Mini Garden,https://www.wikihow.com/Create-Your-own-Mini-Garden
domestic,"site:wikihow.com ""how to"" Home-and-Garden",5 Ways to Choose Plants for a Garden,How to Choose Plants for a Garden,https://www.wikihow.com/Choose-Plants-for-a-Garden
domestic,"site:wikihow.com ""how to"" Home-and-Garden",How to Create a Whimsical Garden (with Pictures),How to Create a Whimsical Garden,https://www.wikihow.com/Create-a-Whimsical-Garden
domestic,"site:wikihow.com ""how to"" Home-and-Garden",How to Dog Proof a Garden: 14 Steps (with Pictures),How to Dog Proof a Garden,https://www.wikihow.com/Dog-Proof-a-Garden
domestic,"site:wikihow.com ""how to"" Home-and-Garden",How Rare Is Your Birthday?,How Rare Is My Birthday?,https://www.wikihow.com/How-Rare-Is-My-Birthday-Quiz
domestic,"site:wikihow.com ""how to"" Home-and-Garden",4 Easy Ways to Design a Backyard,How to Design a Backyard,https://www.wikihow.com/Design-a-Backyard
domestic,"site:wikihow.com ""how to"" Home-and-Garden",How to Make a Frog Home in a Garden,How to Make a Frog Home in a Garden,https://www.wikihow.com/Make-a-Frog-Home-in-a-Garden
domestic,"site:wikihow.com ""how to"" Home-and-Garden",How to Make a Living Wall: 14 Steps (with Pictures),How to Make a Living Wall,https://www.wikihow.com/Make-a-Living-Wall
domestic,"site:wikihow.com ""how to"" Home-and-Garden",5 Ways to Improve Your Gardening Skills,Become the Plant Parent You Know You Can Be in Just 5 Days,https://www.wikihow.com/Course/Improve-Your-Gardening-Skills
domestic,"site:wikihow.com ""how to"" Home-and-Garden",How to Make Rice Paper: 9 Steps (with Pictures),How to Make Rice Paper,https://www.wikihow.com/Make-Rice-Paper
domestic,"site:wikihow.com ""how to"" Home-and-Garden",How to Use Forest Productivity App (with Pictures),How to Use Forest Productivity App,https://www.wikihow.com/Use-Forest-Productivity-App
domestic,"site:wikihow.com ""how to"" Home-and-Garden",How to Ascend Fast in Grow a Garden on Roblox,How to Ascend Fast in Grow a Garden on Roblox,https://www.wikihow.com/Rebirth-in-Grow-a-Garden
domestic,"site:wikihow.com ""how to"" Home-and-Garden",How to Plant Roses (with Pictures),How to Plant Roses,https://www.wikihow.com/Plant-Roses
domestic,"site:wikihow.com ""how to"" Home-and-Garden",How to Be Kind to Your Sister (with Pictures),How to Be Kind to Your Sister,https://www.wikihow.com/Be-Kind-to-Your-Sister
domestic,"site:wikihow.com ""how to"" Home-and-Garden",How to Open a Locked Door Without a Key: 6 Easy Methods,How to Unlock a Door Without a Key,https://www.wikihow.com/Open-a-Locked-Door
domestic,"site:wikihow.com ""how to"" Home-and-Garden",3 Ways to Get Rid of Aphids on Roses Organically,How to Get Rid of Aphids on Roses Organically,https://www.wikihow.com/Get-Rid-of-Aphids-on-Roses-Organically
domestic,"site:wikihow.com ""how to"" Home-and-Garden",Nurturing Talent - how to articles from wikiHow,Nurturing Talent,https://www.wikihow.com/Category:Nurturing-Talent
domestic,"site:wikihow.com ""how to"" Home-and-Garden",How to Get Rid of Roaches & Prevent Infestations,How to Get Rid of Cockroaches in Your Home,https://www.wikihow.com/Get-Rid-of-Roaches
domestic,"site:wikihow.com ""how to"" Home-and-Garden","How to Grow Geraniums: Planting, Fertilizing, and More",How to Grow and Care for Geraniums,https://www.wikihow.com/Grow-Geraniums
domestic,"site:wikihow.com ""how to"" Home-and-Garden",How to Kill Ferns: 11 Steps (with Pictures),How to Kill Ferns,https://www.wikihow.com/Kill-Ferns
domestic,"site:wikihow.com ""how to"" Home-and-Garden",House Painting - how to articles from wikiHow,House Painting,https://www.wikihow.com/Category:House-Painting
domestic,"site:wikihow.com ""how to"" Home-and-Garden",How to Bind a Book: 4 Cheap and Simple DIY Methods,Bind Your Own Book at Home: A Beginner's Guide,https://www.wikihow.com/Bind-a-Book
domestic,"site:wikihow.com ""how to"" Home-and-Garden",How to Clean a Yoga Mat: 11 Steps (with Pictures),How to Clean a Yoga Mat,https://www.wikihow.com/Clean-a-Yoga-Mat
domestic,"site:wikihow.com ""how to"" Home-and-Garden",How to Grow Onions: 10 Steps (with Pictures),How to Grow Onions,https://www.wikihow.com/Grow-Onions
domestic,"site:wikihow.com ""how to"" Home-and-Garden",How to Hoe Weeds: 11 Steps (with Pictures),How to Hoe Weeds,https://www.wikihow.com/Hoe-Weeds
domestic,"site:wikihow.com ""how to"" Home-and-Garden",How to Enjoy Spring: 12 Steps (with Pictures),How to Enjoy Spring,https://www.wikihow.com/Enjoy-Spring
domestic,"site:wikihow.com ""how to"" Home-and-Garden",How to Give a Presentation with Ease: 8 Effective Tips,How to Prepare and Deliver a Speech or Presentation,https://www.wikihow.com/Give-a-Presentation
domestic,"site:wikihow.com ""how to"" Home-and-Garden",How to Grow a Bed Head Garden: 14 Steps (with Pictures),How to Grow a Bed Head Garden,https://www.wikihow.com/Grow-a-Bed-Head-Garden
domestic,"site:wikihow.com ""how to"" Home-and-Garden",wikiHow Expert Co-author: Olivia Choong,Olivia Choong,https://www.wikihow.com/Author/Olivia-Choong
domestic,"site:wikihow.com ""how to"" Home-and-Garden",How to Grow a Jade Plant: A Complete Care Guide,How to Grow Jade Plants at Home: Propagation & Repotting,https://www.wikihow.com/Grow-a-Jade-Plant
domestic,"site:wikihow.com ""how to"" Home-and-Garden",How to Keep Rats Out of a Vegetable Garden (with Pictures),How to Keep Rats Out of a Vegetable Garden,https://www.wikihow.com/Keep-Rats-Out-of-a-Vegetable-Garden
domestic,"site:wikihow.com ""how to"" Home-and-Garden",How to Grow Parsley from Cuttings: 13 Steps (with Pictures),How to Grow Parsley from Cuttings,https://www.wikihow.com/Grow-Parsley-from-Cuttings
domestic,"site:wikihow.com ""how to"" Home-and-Garden",Understanding How a Greenhouse Works and What It Does,Understanding How a Greenhouse Works and What It Does,https://www.wikihow.com/How-Does-a-Greenhouse-Work
domestic,"site:wikihow.com ""how to"" Home-and-Garden",How to Shop for Speakers: Complete Buying Guide,A Beginner's Guide to Shopping for Home Speakers,https://www.wikihow.com/Shop-for-Speakers
domestic,"site:wikihow.com ""how to"" Home-and-Garden",How to Fertilize Soil With Eggshells (with Pictures),How to Fertilize Soil With Eggshells,https://www.wikihow.com/Fertilize-Soil-With-Eggshells
domestic,"site:wikihow.com ""how to"" Home-and-Garden",How to Protect Your Home: 16 Tips from Security Experts,How to Protect Your Home: 16 Tips from Security Experts,https://www.wikihow.com/Secure-Your-Home
domestic,"site:wikihow.com ""how to"" Home-and-Garden",How to Grow Roses from Cuttings: A Gardening Guide,How to Propagate Roses from Cuttings for Beautiful Blooms,https://www.wikihow.com/Take-Rose-Cuttings
domestic,"site:wikihow.com ""how to"" Home-and-Garden",How to Make a Cardboard Box: Simple DIY Tutorial,How to Make a Box Out of Cardboard,https://www.wikihow.com/Make-a-Cardboard-Box
domestic,"site:wikihow.com ""how to"" Home-and-Garden",Google Earth - how to articles from wikiHow,Google Earth,https://www.wikihow.com/Category:Google-Earth
domestic,"site:wikihow.com ""how to"" Home-and-Garden",How to Keep Cats Out of a Garden: 4 Effective Methods,How to Keep Cats Out of Your Garden,https://www.wikihow.com/Keep-Cats-Out-of-a-Garden
domestic,"site:wikihow.com ""how to"" Home-and-Garden",How to Increase Amniotic Fluid During Pregnancy,How to Increase Amniotic Fluid,https://www.wikihow.com/Increase-Amniotic-Fluid
domestic,"site:wikihow.com ""how to"" Home-and-Garden",How to Ignore Hunger: 13 Simple Strategies,How to Ignore Hunger,https://www.wikihow.com/Ignore-Hunger
domestic,"site:wikihow.com ""how to"" Home-and-Garden",How to Plant the Three Sisters (with Pictures),How to Plant the Three Sisters,https://www.wikihow.com/Plant-the-Three-Sisters
domestic,"site:wikihow.com ""how to"" Home-and-Garden",How to Build a Compost Pile: 14 Steps (with Pictures),How to Build a Compost Pile,https://www.wikihow.com/Build-a-Compost-Pile
domestic,"site:wikihow.com ""how to"" Home-and-Garden",How to Remove Chest Hair (with Pictures),How to Remove Chest Hair,https://www.wikihow.com/Remove-Chest-Hair
domestic,"site:wikihow.com ""how to"" Home-and-Garden",3 Ways to Make a Mini Greenhouse for Your Seedlings,How to Make a Mini Greenhouse,https://www.wikihow.com/Make-a-Mini-Greenhouse
domestic,"site:wikihow.com ""how to"" Home-and-Garden",How to Trim or Cut Roses from a Bush,How to Trim or Cut Roses from a Bush,https://www.wikihow.com/Cut-Roses
domestic,"site:wikihow.com ""how to"" Home-and-Garden",Gardening Tools - how to articles from wikiHow,Gardening Tools,https://www.wikihow.com/Category:Gardening-Tools
domestic,"site:wikihow.com ""how to"" Home-and-Garden",7 Easy Methods to Unhide Hidden Apps on iPhone,7 Easy Methods to Unhide Hidden Apps on iPhone,https://www.wikihow.com/Unhide-Apps-on-iPhone
domestic,"site:wikihow.com ""how to"" Home-and-Garden","How to Drink Bacardi: Straight, Mixed, & More","How to Drink Bacardi: Straight, Mixed, & More",https://www.wikihow.com/Drink-Bacardi
domestic,"site:wikihow.com ""how to"" Home-and-Garden",How to Take an Accurate Soil Sample: 8 Steps (with Pictures),How to Take an Accurate Soil Sample,https://www.wikihow.com/Take-an-Accurate-Soil-Sample
domestic,"site:wikihow.com ""how to"" Home-and-Garden",How to Grow a Rose Bush from a Single Stem or Cutting,How to Grow a Rose Bush from a Single Stem or Cutting,https://www.wikihow.com/Grow-a-Rose-Bush-from-a-Single-Stem-or-Cutting
domestic,"site:wikihow.com ""how to"" Home-and-Garden",How to Create an Indoor Box Turtle Habitat (with Pictures),How to Create an Indoor Box Turtle Habitat,https://www.wikihow.com/Create-an-Indoor-Box-Turtle-Habitat
domestic,"site:wikihow.com ""how to"" Home-and-Garden",How to Add a Website Shortcut to Home Screen on iPhone,How to Add a Link Button to the Home Screen of an iPhone,https://www.wikihow.com/Add-a-Link-Button-to-the-Home-Screen-of-an-iPhone
domestic,"site:wikihow.com ""how to"" Home-and-Garden",How to Park Your Car in 3 Kinds of Parking Spots,How to Park Your Car in 3 Kinds of Parking Spots,https://www.wikihow.com/Park-in-a-Parking-Lot
domestic,"site:wikihow.com ""how to"" Home-and-Garden",How to Care for Garden Snails (with Pictures),How to Care for Garden Snails,https://www.wikihow.com/Care-for-Garden-Snails
domestic,"site:wikihow.com ""how to"" Home-and-Garden",4 Ways to Get Rid of Garden Slugs,How to Get Rid of Garden Slugs,https://www.wikihow.com/Get-Rid-of-Garden-Slugs
domestic,"site:wikihow.com ""how to"" Home-and-Garden",How to Plant on a Slope: 11 Steps (with Pictures),How to Plant on a Slope,https://www.wikihow.com/Plant-on-a-Slope
domestic,"site:wikihow.com ""how to"" Home-and-Garden",Laptop Won't Turn On? Expert Troubleshooting Guide + Fixes,What to Do If Your Laptop Won't Turn On (14 Easy Fixes),https://www.wikihow.com/Laptop-Won%27t-Turn-on
domestic,"site:wikihow.com ""how to"" Home-and-Garden",How to Build a Backyard Pond: 14 Steps (with Pictures),How to Build a Backyard Pond,https://www.wikihow.com/Build-a-Backyard-Pond
domestic,"site:wikihow.com ""how to"" Home-and-Garden",How to Save PowerPoint Slides as High-Resolution Images,How to Save Your PowerPoint Slides as High-Resolution Images,https://www.wikihow.com/Save-Your-PowerPoint-Slides-As-High-Resolution-Images
domestic,"site:wikihow.com ""how to"" Home-and-Garden",How to Open File Explorer: 6 Steps (with Pictures),How to Open File Explorer,https://www.wikihow.com/Open-File-Explorer
domestic,"site:wikihow.com ""how to"" Home-and-Garden",How to Care for Boston Ferns: 10 Steps (with Pictures),How to Care for Boston Ferns,https://www.wikihow.com/Care-for-Boston-Ferns
domestic,"site:wikihow.com ""how to"" Home-and-Garden",What Is Phrogging? Protect Your Home from Secret Guests,Phrogging: How to Tell If Someone Is Living In Your Home,https://www.wikihow.com/Phrogging-Meaning
domestic,"site:wikihow.com ""how to"" Home-and-Garden",How to Use Bleach to Test the Purity of Gold,How to Use Bleach to Test the Purity of Gold,https://www.wikihow.com/Tell-if-Gold-Is-Real-with-Bleach
domestic,"site:wikihow.com ""how to"" Home-and-Garden",wikiHow Expert Co-author: Steve Masley,Steve Masley,https://www.wikihow.com/Author/Steve-Masley
domestic,"site:wikihow.com ""how to"" Home-and-Garden",How to Dig a Swale for Irrigation and Runoff Management,How to Create a Swale: Where to Place It & Why It Works,https://www.wikihow.com/Dig-Swales
domestic,"site:wikihow.com ""how to"" Home-and-Garden",How to Get Rid of Goat Head Weeds: Lawn & Garden Tips,"How to Get Rid of Goat Head Weeds: Identification, Removal, & Prevention",https://www.wikihow.com/Get-Rid-of-Goat-Heads
domestic,"site:wikihow.com ""how to"" Home-and-Garden",4 Ways to Pebble a Garden,How to Pebble a Garden,https://www.wikihow.com/Pebble-a-Garden
domestic,"site:wikihow.com ""how to"" Home-and-Garden",How to Disable Google Safe Search on Mobile and Desktop,How to Disable Google Safe Search on Mobile and Desktop,https://www.wikihow.com/Turn-Off-Google-Safesearch
domestic,"site:wikihow.com ""how to"" Home-and-Garden",How to Cope When Things Don't Go as Planned,How to Cope When Things Don’t Go as Planned,https://www.wikihow.com/Adjust-when-Things-Don%27t-Go-to-Plan
domestic,"site:wikihow.com ""how to"" Home-and-Garden",11 Simple Ways to Fix Scratched Glasses with Coating,How to Fix Scratched Glasses with Coating,https://www.wikihow.com/Fix-Scratched-Glasses-with-Coating
domestic,"site:wikihow.com ""how to"" Home-and-Garden",How to File Your Nails Like a Pro: Step-by-Step Guide,How to File Your Nails Safely and Get Perfect Results,https://www.wikihow.com/File-Your-Nails
domestic,"site:wikihow.com ""how to"" Home-and-Garden",How to Plant Wheat: 13 Steps (with Pictures),How to Plant Wheat,https://www.wikihow.com/Plant-Wheat
domestic,"site:wikihow.com ""how to"" Home-and-Garden",How to Clear the Cache on a PS5: Easy Step-by-Step Guide,How to Clear the Cache on a PS5 Console for Better Performance,https://www.wikihow.com/Clear-Cache-on-Ps5
domestic,"site:wikihow.com ""how to"" Home-and-Garden",How to Clear a Blocked Tear Duct: Home Remedies & More,"Clearing a Blocked Tear Duct: Treatment, Causes, & Prevention",https://www.wikihow.com/Clear-a-Blocked-Tear-Duct
domestic,"site:wikihow.com ""how to"" Home-and-Garden",Grow a Garden Mutations: How to Find & Combine Them All,How to Unlock Every Mutation in Grow a Garden: Complete List,https://www.wikihow.com/Grow-a-Garden-Mutations
